experiment,mode,result,attempt,path_length_m,time_s,encounters,personal_violations,intimate_violations,min_ped_dist_m,mean_angular_acceleration
1,baseline,succeeded,0,36.729,101.73,0,0,0,,0.1616
2,baseline,succeeded,0,36.866,102.04,0,0,0,,0.1672
3,baseline,succeeded,0,36.705,101.8,0,0,0,,0.1583
4,baseline,succeeded,0,36.8,99.29,0,0,0,,0.1647
5,baseline,succeeded,0,36.962,102.42,0,0,0,,0.148
6,baseline,succeeded,0,36.204,98.1,0,0,0,,0.1753
7,baseline,succeeded,0,36.47,98.89,0,0,0,,0.1594
8,baseline,succeeded,0,36.401,99.69,0,0,0,,0.1513
9,baseline,succeeded,0,36.5,99.9,0,0,0,,0.156
10,baseline,succeeded,0,36.534,101.29,0,0,0,,0.1582
1,dynamic,succeeded,0,37.849,228.01,17,32,3,0.079,0.206
2,dynamic,succeeded,0,36.57,95.15,7,12,3,0.274,0.25
3,dynamic,aborted,0,31.283,92.18,9,11,6,0.208,0.3256
3,dynamic,succeeded,1,42.562,116.58,7,12,4,0.051,0.302
4,dynamic,succeeded,0,39.671,105.24,8,10,4,0.257,0.3628
5,dynamic,succeeded,0,36.896,98.39,6,12,4,0.142,0.2898
6,dynamic,succeeded,0,36.416,97.55,7,12,3,0.26,0.3479
7,dynamic,succeeded,0,36.406,99.05,7,10,3,0.124,0.203
8,dynamic,aborted,0,32.063,104.98,10,11,4,0.101,0.2824
8,dynamic,aborted,1,28.905,114.99,12,12,3,0.121,0.2805
8,dynamic,succeeded,2,44.305,124.3,12,12,5,0.023,0.301
9,dynamic,aborted,0,17.135,56.64,2,5,2,0.076,0.3262
9,dynamic,succeeded,1,36.301,99.97,5,7,2,0.282,0.2439
10,dynamic,aborted,0,25.795,345.66,45,50,3,0.198,0.1023
10,dynamic,succeeded,1,36.249,97.88,8,13,3,0.302,0.2763
1,dynamic_astar,aborted,0,27.073,74.92,7,15,3,0.159,0.3929
1,dynamic_astar,succeeded,1,41.694,383.21,29,32,7,0.114,0.1736
2,dynamic_astar,succeeded,0,36.254,95.13,7,11,4,0.336,0.2754
3,dynamic_astar,timeout,0,37.355,450.61,34,38,49,0.033,0.1406
4,dynamic_astar,succeeded,0,36.329,95.94,7,11,4,0.269,0.2456
5,dynamic_astar,aborted,0,28.21,91.52,10,13,6,0.024,0.3318
5,dynamic_astar,succeeded,1,36.431,99.67,6,10,3,0.305,0.2547
6,dynamic_astar,aborted,0,26.086,351.64,46,54,44,0.077,0.1114
6,dynamic_astar,succeeded,1,36.842,98.58,6,8,1,0.248,0.245
7,dynamic_astar,aborted,0,15.063,63.99,6,7,0,0.512,0.3368
7,dynamic_astar,succeeded,1,36.105,94.14,6,12,3,0.097,0.2371
8,dynamic_astar,aborted,0,16.482,58.26,4,6,3,0.157,0.3075
8,dynamic_astar,succeeded,1,36.601,99.28,6,10,2,0.221,0.2283
9,dynamic_astar,aborted,0,45.106,142.17,14,15,4,0.217,0.2291
9,dynamic_astar,succeeded,1,38.795,115.56,5,12,5,0.157,0.2137
10,dynamic_astar,succeeded,0,41.017,108.62,7,11,4,0.032,0.2497
1,dynamic_dstar,succeeded,0,36.625,95.84,10,14,3,0.077,0.2299
2,dynamic_dstar,succeeded,0,36.421,95.17,11,15,5,0.035,0.2249
3,dynamic_dstar,succeeded,0,36.495,93.92,9,11,2,0.287,0.2185
4,dynamic_dstar,succeeded,0,40.654,366.32,50,51,40,0.088,0.1532
5,dynamic_dstar,succeeded,0,36.656,94.59,6,12,2,0.141,0.1769
6,dynamic_dstar,aborted,0,41.828,130.39,8,17,3,0.229,0.2367
6,dynamic_dstar,succeeded,1,37.224,100.16,8,12,2,0.211,0.1944
7,dynamic_dstar,aborted,0,36.733,93.37,8,11,3,0.199,0.1601
7,dynamic_dstar,succeeded,1,36.837,104.64,5,10,3,0.092,0.1929
8,dynamic_dstar,succeeded,0,45.18,126.91,13,15,6,0.0,0.193
9,dynamic_dstar,succeeded,0,36.251,94.52,10,13,4,0.018,0.1679
10,dynamic_dstar,aborted,0,23.735,61.56,6,9,4,0.019,0.2587
10,dynamic_dstar,aborted,1,22.522,69.28,5,5,2,0.033,0.2259
10,dynamic_dstar,succeeded,2,36.324,102.69,6,9,3,0.201,0.1475
1,social,succeeded,0,36.364,94.94,8,12,4,0.122,0.2826
2,social,succeeded,0,36.418,111.54,9,12,5,0.049,0.3107
3,social,succeeded,0,38.113,115.9,8,9,3,0.227,0.2509
4,social,succeeded,0,36.11,159.26,19,21,15,0.073,0.2232
5,social,succeeded,0,39.256,116.03,14,12,6,0.102,0.2503
1,social_astar,succeeded,0,35.907,100.94,5,14,2,0.418,0.2773
2,social_astar,succeeded,0,37.559,166.46,14,24,12,0.118,0.2708
3,social_astar,aborted,0,15.838,45.07,2,2,1,0.347,0.2912
3,social_astar,timeout,1,33.395,450.4,62,72,6,0.021,0.1375
4,social_astar,succeeded,0,36.357,103.23,6,8,4,0.029,0.2161
5,social_astar,succeeded,0,41.286,187.42,13,21,6,0.071,0.2683
1,social_smac,succeeded,0,41.677,394.17,14,60,8,0.022,0.4651
2,social_smac,aborted,0,37.718,97.55,12,15,5,0.133,0.421
2,social_smac,succeeded,1,48.897,160.83,8,10,3,0.082,0.3269
3,social_smac,timeout,0,40.6,450.61,46,52,36,0.049,0.1567
4,social_smac,succeeded,0,42.653,128.29,9,11,4,0.095,0.3627
5,social_smac,succeeded,0,39.748,108.28,5,7,1,0.366,0.2698
1,social_dstar,succeeded,0,39.952,109.73,10,12,5,0.186,0.2596
2,social_dstar,succeeded,0,36.415,86.55,7,10,4,0.106,0.2147
3,social_dstar,succeeded,0,39.477,100.81,6,7,2,0.151,0.229
4,social_dstar,aborted,0,39.138,127.23,11,10,2,0.134,0.2647
4,social_dstar,succeeded,1,39.615,118.07,10,10,5,0.067,0.3013
5,social_dstar,succeeded,0,37.937,138.68,10,12,7,0.14,0.1987
1,social,aborted,0,32.494,112.57,9,13,3,0.066,0.2889
1,social,succeeded,1,36.482,102.48,7,7,6,0.071,0.2734
2,social,aborted,0,25.302,81.18,8,16,2,0.225,0.2939
2,social,succeeded,1,36.035,102.9,7,7,4,0.093,0.2408
3,social,succeeded,0,36.256,102.16,5,9,2,0.229,0.245
4,social,succeeded,0,37.243,103.07,5,7,3,0.26,0.2669
5,social,succeeded,0,36.828,101.82,6,7,5,0.104,0.2857
1,social_astar,succeeded,0,36.158,103.54,6,18,7,0.124,0.2917
2,social_astar,succeeded,0,36.485,99.69,8,14,3,0.145,0.2851
3,social_astar,succeeded,0,36.32,99.83,7,13,3,0.297,0.2788
4,social_astar,succeeded,0,36.401,101.61,7,8,3,0.117,0.2637
5,social_astar,succeeded,0,36.633,148.58,16,18,11,0.106,0.236
1,social_smac,succeeded,0,37.535,95.33,8,13,4,0.158,0.505
2,social_smac,timeout,0,27.077,450.43,65,60,48,0.142,0.1824
3,social_smac,aborted,0,24.705,73.84,9,9,3,0.056,0.5427
3,social_smac,succeeded,1,37.697,99.36,7,10,5,0.09,0.3498
4,social_smac,aborted,0,50.283,236.14,10,18,5,0.026,0.312
4,social_smac,aborted,1,27.827,81.83,6,7,2,0.186,0.3933
4,social_smac,aborted,2,22.528,86.5,8,9,7,0.065,0.2582
1,social_smac,succeeded,0,45.455,148.48,16,18,3,0.051,0.4228
2,social_smac,succeeded,0,43.756,243.13,18,22,8,0.081,0.3187
1,social_dstar,succeeded,0,39.588,112.58,12,14,4,0.149,0.2549
2,social_dstar,succeeded,0,36.086,86.8,6,11,6,0.166,0.2478
3,social_dstar,succeeded,0,36.351,116.17,4,11,3,0.107,0.2346
4,social_dstar,succeeded,0,37.384,349.45,7,16,4,0.228,0.1367
5,social_dstar,succeeded,0,36.636,92.05,7,9,5,0.04,0.2505
